"Code","Name","Description","Active","Catalog Number","Category"
"ADVANCED-HONOR-STAR","Advanced Honor Star","","","007400","Miscellaneous Honors"
"PATHFINDER-EVANGELISM-AWARD","Pathfinder Evangelism Award","","","003015","Miscellaneous Honors"
"ALTERNATIVE-FUELS","Alternative Fuels","","","005025","Nature"
"ALTERNATIVE-FUELS-ADVANCED","Alternative Fuels - Advanced","","","007400","Nature"
"AMPHIBIANS","Amphibians","","","005030","Nature"
"AMPHIBIANS-ADVANCED","Amphibians - Advanced","","","007400","Nature"
"ANIMAL-CAMOUFLAGE","Animal Camouflage","","","005035","Nature"
"ANIMAL-CAMOUFLAGE-ADVANCED","Animal Camouflage - Advanced","","","007400","Nature"
"ANIMAL-TRACKING","Animal Tracking","","","005040","Nature"
"ANIMAL-TRACKING-ADVANCED","Animal Tracking - Advanced","","","007400","Nature"
"ANTELOPES","Antelopes","","","005045","Nature"
"ANTELOPES-ADVANCED","Antelopes - Advanced","","","007400","Nature"
"BATS","Bats","","","005095","Nature"
"BATS-ADVANCED","Bats - Advanced","","","007400","Nature"
"BIRD-PETS","Bird Pets","","","005130","Nature"
"BIRDS","Birds","","","005140","Nature"
"BIRDS-ADVANCED","Birds - Advanced","","","007400","Nature"
"BOGS-FENS","Bogs & Fens","","","005157","Nature"
"BOGS-FENS-ADVANCED","Bogs & Fens - Advanced","","","007400","Nature"
"BUBBLES","Bubbles","","","005188","Nature"
"CACTI","Cacti","","","005190","Nature"
"CACTI-ADVANCED","Cacti - Advanced","","","007400","Nature"
"CATS","Cats","","","005250","Nature"
"CATS-ADVANCED","Cats - Advanced","","","007400","Nature"
"CETACEANS","Cetaceans","","","005285","Nature"
"CLIMATE-SCIENCE","Climate Science","","","005338","Nature"
"CLIMATE-SCIENCE-ADVANCED","Climate Science - Advanced","","","007400","Nature"
"COAL","Coal","","","005343","Nature"
"CORAL-REEFS","Coral Reefs","","","005372","Nature"
"CORAL-REEFS-ADVANCED","Coral Reefs - Advanced","","","007400","Nature"
"DINOSAURS","Dinosaurs","","","005419","Nature"
"DOG-CARE-AND-TRAINING","Dog Care and Training","","","005420","Nature"
"DOGS","Dogs","","","005430","Nature"
"DUNES","Dunes","","","005474","Nature"
"DUNES-ADVANCED","Dunes - Advanced","","","007400","Nature"
"ECOLOGY","Ecology","","","005480","Nature"
"ECOLOGY-ADVANCED","Ecology - Advanced","","","007400","Nature"
"EDIBLE-WILD-PLANTS","Edible Wild Plants","","","005490","Nature"
"ENDANGERED-SPECIES","Endangered Species","","","005505","Nature"
"ENVIRONMENTAL-CONSERVATION","Environmental Conservation","","","005510","Nature"
"EUCALYPTS","Eucalypts","","","","Nature"
"FERNS","Ferns","","","005540","Nature"
"FISHES","Fishes","","","005570","Nature"
"FLOWERS","Flowers","","","005600","Nature"
"FLOWERS-ADVANCED","Flowers - Advanced","","","007400","Nature"
"FOSSILS","Fossils","","","005610","Nature"
"FUNGI","Fungi","","","005630","Nature"
"GEOLOGY","Geology","","","005650","Nature"
"GEOLOGY-ADVANCED","Geology - Advanced","","","007400","Nature"
"GLACIERS","Glaciers","","","005658","Nature"
"GRASSES","Grasses","","","005680","Nature"
"GRASSLANDS","Grasslands","","","","Nature"
"HERBS","Herbs","","","005695","Nature"
"HOUSE-PLANTS","House Plants","","","005750","Nature"
"INSECTS","Insects","","","005770","Nature"
"INSECTS-ADVANCED","Insects - Advanced","","","007400","Nature"
"LICHENS-LIVERWORTS-MOSSES","Lichens, Liverworts & Mosses","","","005890","Nature"
"LIVESTOCK","Livestock","","","005440","Nature"
"MAMMALS","Mammals","","","005930","Nature"
"MAMMALS-ADVANCED","Mammals - Advanced","","","007400","Nature"
"MAPLE-SUGAR","Maple Sugar","","","005936","Nature"
"MAPLE-SUGAR-ADVANCED","Maple Sugar - Advanced","","","007400","Nature"
"MARINE-ALGAE","Marine Algae","","","005940","Nature"
"MARINE-INVERTEBRATES","Marine Invertebrates","","","005950","Nature"
"MARINE-MAMMALS","Marine Mammals","","","005955","Nature"
"MARSUPIALS","Marsupials","","","005956","Nature"
"METEORITES","Meteorites","","","005962","Nature"
"MICROSCOPIC-LIFE","Microscopic Life","","","005965","Nature"
"MIDNIGHT-SUN","Midnight Sun","","","005966","Nature"
"MIGRATION","Migration","","","005986","Nature"
"MOTHS-BUTTERFLIES","Moths & Butterflies","","","005990","Nature"
"MOUNTAINS","Mountains","","","005993","Nature"
"OCEANS","Oceans","","","006028","Nature"
"ODONATES","Odonates","","","006045","Nature"
"ODONATES-ADVANCED","Odonates - Advanced","","","007400","Nature"
"ORCHIDS","Orchids","","","006040","Nature"
"PALM-TREES","Palm Trees","","","006056","Nature"
"PARROTS-AND-COCKATOOS","Parrots and Cockatoos","","","006057","Nature"
"POULTRY","Poultry","","","006140","Nature"
"PREDATORY-PLANTS","Predatory Plants","","","006178","Nature"
"RAINFORESTS","Rainforests","","","006211","Nature"
"RAPTORS","Raptors","","","006212","Nature"
"RAPTORS-ADVANCED","Raptors - Advanced","","","007400","Nature"
"RECYCLING","Recycling","","","006213","Nature"
"RENEWABLE-ENERGY","Renewable Energy","","","006214","Nature"
"REPTILES","Reptiles","","","006220","Nature"
"REPTILES-ADVANCED","Reptiles - Advanced","","","007400","Nature"
"RIVERS-AND-STREAMS","Rivers and Streams","","","006225","Nature"
"RIVERS-AND-STREAMS-ADVANCED","Rivers and Streams - Advanced","","","007400","Nature"
"ROCKS-MINERALS","Rocks & Minerals","","","006240","Nature"
"ROCKS-MINERALS-ADVANCED","Rocks & Minerals - Advanced","","","007400","Nature"
"SAND","Sand","","","006270","Nature"
"SEEDS","Seeds","","","006310","Nature"
"SEEDS-ADVANCED","Seeds - Advanced","","","007400","Nature"
"SHARKS","Sharks","","","006295","Nature"
"SHELLS","Shells","","","006320","Nature"
"SHELLS-ADVANCED","Shells - Advanced","","","007400","Nature"
"SHRUBS","Shrubs","","","006323","Nature"
"SMALL-MAMMAL-PETS","Small Mammal Pets","","","006367","Nature"
"SOILS","Soils","","","006373","Nature"
"SPIDERS","Spiders","","","006380","Nature"
"STARS","Stars","","","006410","Nature"
"STARS-ADVANCED","Stars - Advanced","","","007400","Nature"
"TAIGA","Taiga","","","006435","Nature"
"TAIGA-ADVANCED","Taiga - Advanced","","","007400","Nature"
"TEMPERATE-DECIDUOUS-FORESTS","Temperate Deciduous Forests","","","006462","Nature"
"TEMPERATE-GRASSLANDS","Temperate Grasslands","","","006463","Nature"
"TEMPERATE-GRASSLANDS-ADVANCED","Temperate Grasslands - Advanced","","","007400","Nature"
"TREES","Trees","","","006480","Nature"
"TREES-ADVANCED","Trees - Advanced","","","007400","Nature"
"WATER-SCIENCE","Water Science","","","006511","Nature"
"WATER-SCIENCE-ADVANCED","Water Science - Advanced","","","007400","Nature"
"WATERFALLS","Waterfalls","","","006509","Nature"
"WATTLES","Wattles","","","006515","Nature"
"WEATHER","Weather","","","006520","Nature"
"WEATHER-ADVANCED","Weather - Advanced","","","007400","Nature"
"WORMS","Worms","","","006595","Nature"
"WORMS-ADVANCED","Worms - Advanced","","","007400","Nature"
"ADOLESCENT-MENTAL-HEALTH-RESPONSE","​Adolescent Mental Health Response","","","004996","Health and Science"
"BASIC-RESCUE","Basic Rescue","","","005082","Health and Science"
"BIOSAFETY","Biosafety","","","005127","Health and Science"
"BLOOD-AND-THE-BODY-S-DEFENSES","Blood and the Body's Defenses","","","005155","Health and Science"
"BONES-MUSCLES-AND-MOVEMENT","Bones, Muscles, and Movement","","","005165","Health and Science"
"BRAIN-AND-BEHAVIOR","Brain and Behavior","","","005175","Health and Science"
"CHEMISTRY","Chemistry","","","005290","Health and Science"
"CPR","CPR","","","005375","Health and Science"
"DIGESTION","Digestion","","","005415","Health and Science"
"FIRST-AID-ADVANCED","First Aid - Advanced","","","005565","Health and Science"
"FIRST-AID-BASIC","First Aid, Basic","","","005080","Health and Science"
"FIRST-AID-STANDARD","First Aid, Standard","","","005560","Health and Science"
"HEALTH-AND-HEALING","Health and Healing","","","005690","Health and Science"
"HEART-AND-CIRCULATION","Heart and Circulation","","","005693","Health and Science"
"HEREDITY","Heredity","","","005697","Health and Science"
"HOME-NURSING","Home Nursing","","","005710","Health and Science"
"LEGACY-OF-HEALING","Legacy of Healing","","","005871","Health and Science"
"OPTICS","Optics","","","006030","Health and Science"
"PERSONAL-HEALTH-AND-WELLNESS","Personal Health and Wellness","","","006072","Health and Science"
"PHYSICS","Physics","","","006095","Health and Science"
"RED-ALERT","Red Alert","","","006215","Health and Science"
"SOCIAL-DETERMINANTS-OF-HEALTH","Social Determinants of Health","","","006376","Health and Science"
"VIRUSES","Viruses","","","006506","Health and Science"
"ADVENTIST-PIONEER-HERITAGE","Adventist Pioneer Heritage","","","005005","Spiritual Growth, Outreach, and Heritage"
"ADVENTURER-FOR-CHRIST","Adventurer for Christ","","","005000","Spiritual Growth, Outreach, and Heritage"
"ADVENTURER-FOR-CHRIST-ADVANCED","Adventurer for Christ - Advanced","","","007400","Spiritual Growth, Outreach, and Heritage"
"AFRICAN-AMERICAN-ADVENTIST-HERITAGE-IN-T","African American Adventist Heritage in the NAD","","","004999","Spiritual Growth, Outreach, and Heritage"
"AFRICAN-AMERICAN-ADVENTIST-HERI-ADVANCED","African American Adventist Heritage in the NAD - Advanced","","","007400","Spiritual Growth, Outreach, and Heritage"
"ALIVE-BIBLE","Alive Bible","","","005118","Spiritual Growth, Outreach, and Heritage"
"BIBLE-MARKING","Bible Marking","","","005123","Spiritual Growth, Outreach, and Heritage"
"BIBLE-MARKING-ADVANCED","Bible Marking - Advanced","","","007400","Spiritual Growth, Outreach, and Heritage"
"BIBLICAL-ARCHAEOLOGY","Biblical Archaeology","","","005124","Spiritual Growth, Outreach, and Heritage"
"BRAILLE","Braille","","","005171","Spiritual Growth, Outreach, and Heritage"
"BULLY-PREVENTION-I","Bully Prevention I","","","005181","Spiritual Growth, Outreach, and Heritage"
"BULLY-PREVENTION-II","Bully Prevention II","","","005182","Spiritual Growth, Outreach, and Heritage"
"CHILD-CARE","Child Care","","","005295","Spiritual Growth, Outreach, and Heritage"
"CHRISTIAN-ART-OF-PREACHING","Christian Art of Preaching","","","005298","Spiritual Growth, Outreach, and Heritage"
"CHRISTIAN-ART-OF-PREACHING-ADVANCED","Christian Art of Preaching - Advanced","","","007400","Spiritual Growth, Outreach, and Heritage"
"CHRISTIAN-CITIZENSHIP","Christian Citizenship","","","005300","Spiritual Growth, Outreach, and Heritage"
"CHRISTIAN-DRAMA","Christian Drama","","","005305","Spiritual Growth, Outreach, and Heritage"
"CHRISTIAN-GROOMING-MANNERS","Christian Grooming & Manners","","","005310","Spiritual Growth, Outreach, and Heritage"
"CHRISTIAN-STORYTELLING","Christian Storytelling","","","005330","Spiritual Growth, Outreach, and Heritage"
"CHRISTIAN-TEAM-BUILDING","Christian Team Building","","","005335","Spiritual Growth, Outreach, and Heritage"
"CHRISTIAN-VISITATION","Christian Visitation","","","005336","Spiritual Growth, Outreach, and Heritage"
"COMMUNITY-IMPROVEMENT","Community Improvement","","","007105","Spiritual Growth, Outreach, and Heritage"
"CREATIONISM","Creationism","","","005377","Spiritual Growth, Outreach, and Heritage"
"CREATIONISM-ADVANCED","Creationism - Advanced","","","007400","Spiritual Growth, Outreach, and Heritage"
"CRISIS-INTERVENTION","Crisis Intervention","","","007115","Spiritual Growth, Outreach, and Heritage"
"CULTURAL-DIVERSITY-APPRECIATION","Cultural Diversity Appreciation","","","006060","Spiritual Growth, Outreach, and Heritage"
"DISASTER-MINISTRIES","Disaster Ministries","","","007045","Spiritual Growth, Outreach, and Heritage"
"DISCIPLES-AND-APOSTLES","Disciples and Apostles","","","005455","Spiritual Growth, Outreach, and Heritage"
"ESCHATOLOGY","Eschatology","","","","Spiritual Growth, Outreach, and Heritage"
"FAMILY-LIFE","Family Life","","","005520","Spiritual Growth, Outreach, and Heritage"
"FEEDING-MINISTRIES","Feeding Ministries","","","007055","Spiritual Growth, Outreach, and Heritage"
"FLAGS","Flags","","","005575","Spiritual Growth, Outreach, and Heritage"
"FLAGS-ADVANCED","Flags - Advanced","","","007400","Spiritual Growth, Outreach, and Heritage"
"FOREIGN-MISSION-TRIPS","Foreign Mission Trips","","","005609","Spiritual Growth, Outreach, and Heritage"
"HYMNS","Hymns","","","005755","Spiritual Growth, Outreach, and Heritage"
"GOD-S-MESSENGER","God's Messenger","","","005676","Spiritual Growth, Outreach, and Heritage"
"IDENTIFYING-COMMUNITY-NEEDS","Identifying Community Needs","","","007025","Spiritual Growth, Outreach, and Heritage"
"JUDGES-OF-ISRAEL","Judges of Israel","","","005795","Spiritual Growth, Outreach, and Heritage"
"JUNIOR-WITNESS","Junior Witness","","","005800","Spiritual Growth, Outreach, and Heritage"
"JUNIOR-YOUTH-LEADERSHIP","Junior Youth Leadership","","","005810","Spiritual Growth, Outreach, and Heritage"
"KINGS-OF-ISRAEL","Kings of Israel","","","005814","Spiritual Growth, Outreach, and Heritage"
"LANGUAGE-STUDY","Language Study","","","005840","Spiritual Growth, Outreach, and Heritage"
"LITERATURE-EVANGELISM","Literature Evangelism","","","005910","Spiritual Growth, Outreach, and Heritage"
"MEDIA-BROADCAST-MINISTRY","Media Broadcast Ministry","","","005959","Spiritual Growth, Outreach, and Heritage"
"MISSIONARY-LIFE","Missionary Life","","","005964","Spiritual Growth, Outreach, and Heritage"
"PARADE-FLOATS","Parade Floats","","","006071","Spiritual Growth, Outreach, and Heritage"
"PARADE-FLOATS-ADVANCED","Parade Floats - Advanced","","","007400","Spiritual Growth, Outreach, and Heritage"
"PATRIARCHS-OF-THE-BIBLE","Patriarchs of the Bible","","","006061","Spiritual Growth, Outreach, and Heritage"
"PEACE-MAKER","Peace Maker","","","006068","Spiritual Growth, Outreach, and Heritage"
"PEACE-MAKER-ADVANCED","Peace Maker - Advanced","","","007400","Spiritual Growth, Outreach, and Heritage"
"PERSONAL-EVANGELISM","Personal Evangelism","","","006070","Spiritual Growth, Outreach, and Heritage"
"PRAISE-AND-WORSHIP","Praise and Worship","","","006163","Spiritual Growth, Outreach, and Heritage"
"PRAYER","Prayer","","","006175","Spiritual Growth, Outreach, and Heritage"
"PRAYER-ADVANCED","Prayer - Advanced","","","007400","Spiritual Growth, Outreach, and Heritage"
"PREACH-IT","Preach It","","","006165","Spiritual Growth, Outreach, and Heritage"
"PREACH-IT-ADVANCED","Preach It - Advanced","","","007400","Spiritual Growth, Outreach, and Heritage"
"PROPHETS-PROPHECY","Prophets & Prophecy","","","006183","Spiritual Growth, Outreach, and Heritage"
"PROPHETS-PROPHECY-ADVANCED","Prophets & Prophecy - Advanced","","","007400","Spiritual Growth, Outreach, and Heritage"
"PUPPETRY","Puppetry","","","006185","Spiritual Growth, Outreach, and Heritage"
"PUPPETRY-ADVANCED","Puppetry - Advanced","","","007400","Spiritual Growth, Outreach, and Heritage"
"REFUGEE-ASSISTANCE","Refugee Assistance","","","007065","Spiritual Growth, Outreach, and Heritage"
"RURAL-DEVELOPMENT","Rural Development","","","007085","Spiritual Growth, Outreach, and Heritage"
"SABBATH-APPRECIATION","Sabbath Appreciation","","","006253","Spiritual Growth, Outreach, and Heritage"
"SANCTUARY","Sanctuary","","","006265","Spiritual Growth, Outreach, and Heritage"
"SANCTUARY-ADVANCED","Sanctuary - Advanced","","","007400","Spiritual Growth, Outreach, and Heritage"
"SERVING-COMMUNITIES","Serving Communities","","","007035","Spiritual Growth, Outreach, and Heritage"
"SIGN-LANGUAGE","Sign Language","","","006325","Spiritual Growth, Outreach, and Heritage"
"SIGN-LANGUAGE-ADVANCED","Sign Language - Advanced","","","007400","Spiritual Growth, Outreach, and Heritage"
"SMALL-GROUP-BIBLE-STUDY","Small Group Bible Study","","","006366","Spiritual Growth, Outreach, and Heritage"
"SMALL-GROUP-BIBLE-STUDY-ADVANCED","Small Group Bible Study - Advanced","","","007400","Spiritual Growth, Outreach, and Heritage"
"STEWARDSHIP","Stewardship","","","006415","Spiritual Growth, Outreach, and Heritage"
"THREE-ANGELS-MESSAGES","Three Angels' Messages","","","006471","Spiritual Growth, Outreach, and Heritage"
"TUTORING","Tutoring","","","007095","Spiritual Growth, Outreach, and Heritage"
"WOMEN-IN-ADVENTIST-HISTORY","Women in Adventist History","","","006565","Spiritual Growth, Outreach, and Heritage"
"ABORIGINAL-LORE","Aboriginal Lore","","","004995","Arts, Crafts, and Hobbies"
"AFRICAN-LORE","African Lore","","","004998","Arts, Crafts, and Hobbies"
"AIRPLANE-MODELING","Airplane Modeling","","","005020","Arts, Crafts, and Hobbies"
"BASKETRY","Basketry","","","005090","Arts, Crafts, and Hobbies"
"BLOCK-PRINTING","Block Printing","","","005150","Arts, Crafts, and Hobbies"
"BRAIDING","Braiding","","","005170","Arts, Crafts, and Hobbies"
"BRAIDING-ADVANCED","Braiding - Advanced","","","007400","Arts, Crafts, and Hobbies"
"BREAD-DOUGH","Bread Dough","","","005180","Arts, Crafts, and Hobbies"
"BRIDGES","Bridges","","","005185","Arts, Crafts, and Hobbies"
"CAKE-DECORATING","Cake Decorating","","","005200","Arts, Crafts, and Hobbies"
"CANDLE-MAKING","Candle Making","","","005220","Arts, Crafts, and Hobbies"
"CARD-MAKING","Card Making","","","005245","Arts, Crafts, and Hobbies"
"CERAMICS","Ceramics","","","005280","Arts, Crafts, and Hobbies"
"COPPER-ENAMELING","Copper Enameling","","","005370","Arts, Crafts, and Hobbies"
"COPPER-ENAMELING-ADVANCED","Copper Enameling - Advanced","","","007400","Arts, Crafts, and Hobbies"
"COUNTED-CROSS-STITCH","Counted Cross Stitch","","","005376","Arts, Crafts, and Hobbies"
"CROCHETING","Crocheting","","","005380","Arts, Crafts, and Hobbies"
"CROCHETING-ADVANCED","Crocheting - Advanced","","","007400","Arts, Crafts, and Hobbies"
"CURRENCY","Currency","","","005340","Arts, Crafts, and Hobbies"
"CURRENCY-ADVANCED","Currency - Advanced","","","007400","Arts, Crafts, and Hobbies"
"DAMS-AND-LEVEES","Dams and Levees","","","005405","Arts, Crafts, and Hobbies"
"DIGITAL-PHOTOGRAPHY","Digital Photography","","","005417","Arts, Crafts, and Hobbies"
"DRAWING","Drawing","","","005445","Arts, Crafts, and Hobbies"
"DRAWING-ADVANCED","Drawing - Advanced","","","007400","Arts, Crafts, and Hobbies"
"DUCT-TAPE","Duct Tape","","","005476","Arts, Crafts, and Hobbies"
"DECOUPAGE","Découpage","","","005410","Arts, Crafts, and Hobbies"
"FELT-CRAFT","Felt Craft","","","005530","Arts, Crafts, and Hobbies"
"FLOWER-ARRANGEMENT","Flower Arrangement","","","005580","Arts, Crafts, and Hobbies"
"GENEALOGY","Genealogy","","","005643","Arts, Crafts, and Hobbies"
"GENEALOGY-ADVANCED","Genealogy - Advanced","","","007400","Arts, Crafts, and Hobbies"
"GIFT-WRAPPING","Gift Wrapping","","","005653","Arts, Crafts, and Hobbies"
"GLASS-CRAFT","Glass Craft","","","005660","Arts, Crafts, and Hobbies"
"GLASS-ETCHING","Glass Etching","","","005665","Arts, Crafts, and Hobbies"
"GLASS-PAINTING","Glass Painting","","","005670","Arts, Crafts, and Hobbies"
"GUITAR","Guitar","","","005659","Arts, Crafts, and Hobbies"
"GUITAR-ADVANCED","Guitar - Advanced","","","007400","Arts, Crafts, and Hobbies"
"HOT-AIR-BALLOONS","Hot Air Balloons","","","005735","Arts, Crafts, and Hobbies"
"KANZASHI","Kanzashi","","","005183","Arts, Crafts, and Hobbies"
"KNITTING","Knitting","","","005820","Arts, Crafts, and Hobbies"
"KNITTING-ADVANCED","Knitting - Advanced","","","007400","Arts, Crafts, and Hobbies"
"LAPIDARY","Lapidary","","","005850","Arts, Crafts, and Hobbies"
"LEATHER-CRAFT","Leather Craft","","","005870","Arts, Crafts, and Hobbies"
"LEATHER-CRAFT-ADVANCED","Leather Craft - Advanced","","","007400","Arts, Crafts, and Hobbies"
"LEGO-DESIGN","LEGO® Design","","","005872","Arts, Crafts, and Hobbies"
"LETTERING-POSTER-MAKING","Lettering & Poster Making","","","005880","Arts, Crafts, and Hobbies"
"LIGHTHOUSES","Lighthouses","","","005895","Arts, Crafts, and Hobbies"
"LIGHTHOUSES-ADVANCED","Lighthouses - Advanced","","","007400","Arts, Crafts, and Hobbies"
"MACRAME","Macramé","","","005920","Arts, Crafts, and Hobbies"
"MAORI-LORE","Māori Lore","","","005938","Arts, Crafts, and Hobbies"
"METAL-CRAFT","Metal Craft","","","005960","Arts, Crafts, and Hobbies"
"MODEL-BOATS","Model Boats","","","005970","Arts, Crafts, and Hobbies"
"MODEL-CARS","Model Cars","","","005967","Arts, Crafts, and Hobbies"
"MODEL-RAILROAD","Model Railroad","","","005969","Arts, Crafts, and Hobbies"
"MODEL-ROCKETRY","Model Rocketry","","","005980","Arts, Crafts, and Hobbies"
"MODEL-ROCKETRY-ADVANCED","Model Rocketry - Advanced","","","007400","Arts, Crafts, and Hobbies"
"MOSAIC-TILE","Mosaic Tile","","","005985","Arts, Crafts, and Hobbies"
"MUSIC","Music","","","006000","Arts, Crafts, and Hobbies"
"MUSIC-ADVANCED","Music - Advanced","","","007400","Arts, Crafts, and Hobbies"
"NATIVE-AMERICAN-LORE","Native American Lore","","","005760","Arts, Crafts, and Hobbies"
"NATIVE-AMERICAN-LORE-ADVANCED","Native American Lore - Advanced","","","007400","Arts, Crafts, and Hobbies"
"NATIVE-BRUSH-CONSTRUCTION","Native Brush Construction","","","006005","Arts, Crafts, and Hobbies"
"NECKWEAR","Neckwear","","","006015","Arts, Crafts, and Hobbies"
"NEEDLE-CRAFT","Needle Craft","","","006020","Arts, Crafts, and Hobbies"
"ORIGAMI","Origami","","","006053","Arts, Crafts, and Hobbies"
"PAINTING","Painting","","","005450","Arts, Crafts, and Hobbies"
"PAINTING-ADVANCED","Painting - Advanced","","","007400","Arts, Crafts, and Hobbies"
"PAPER-MACHE","Paper Maché","","","006065","Arts, Crafts, and Hobbies"
"PAPER-QUILLING","Paper Quilling","","","006067","Arts, Crafts, and Hobbies"
"PAPER-QUILLING-ADVANCED","Paper Quilling - Advanced","","","007400","Arts, Crafts, and Hobbies"
"PHOTOGRAPHY","Photography","","","006080","Arts, Crafts, and Hobbies"
"PIN-TRADING","Pin Trading","","","006102","Arts, Crafts, and Hobbies"
"PIN-TRADING-ADVANCED","Pin Trading - Advanced","","","007400","Arts, Crafts, and Hobbies"
"PINEWOOD-DERBY","Pinewood Derby","","","006103","Arts, Crafts, and Hobbies"
"PINEWOOD-DERBY-ADVANCED","Pinewood Derby - Advanced","","","007400","Arts, Crafts, and Hobbies"
"PLASTER-CRAFT","Plaster Craft","","","006110","Arts, Crafts, and Hobbies"
"PLASTIC-CANVAS","Plastic Canvas","","","006118","Arts, Crafts, and Hobbies"
"PLASTIC-CANVAS-ADVANCED","Plastic Canvas - Advanced","","","007400","Arts, Crafts, and Hobbies"
"PLASTICS","Plastics","","","006120","Arts, Crafts, and Hobbies"
"POETRY-AND-SONGWRITING","Poetry and Songwriting","","","006122","Arts, Crafts, and Hobbies"
"POSTCARDS","Postcards","","","006125","Arts, Crafts, and Hobbies"
"POSTCARDS-ADVANCED","Postcards - Advanced","","","007400","Arts, Crafts, and Hobbies"
"POTTERY","Pottery","","","006130","Arts, Crafts, and Hobbies"
"SCRAPBOOKING","Scrapbooking","","","006275","Arts, Crafts, and Hobbies"
"SCRAPBOOKING-ADVANCED","Scrapbooking - Advanced","","","007400","Arts, Crafts, and Hobbies"
"SCULPTURING","Sculpturing","","","006290","Arts, Crafts, and Hobbies"
"SILK-SCREEN-PRINTING","Silk Screen Printing","","","006330","Arts, Crafts, and Hobbies"
"SILK-SCREEN-PRINTING-ADVANCED","Silk Screen Printing - Advanced","","","007400","Arts, Crafts, and Hobbies"
"SOAP-CRAFT","Soap Craft","","","006370","Arts, Crafts, and Hobbies"
"SOAP-CRAFT-ADVANCED","Soap Craft - Advanced","","","007400","Arts, Crafts, and Hobbies"
"SPINNING-YARN","Spinning Yarn","","","006384","Arts, Crafts, and Hobbies"
"STAMPS","Stamps","","","006400","Arts, Crafts, and Hobbies"
"STAMPS-ADVANCED","Stamps - Advanced","","","007400","Arts, Crafts, and Hobbies"
"STREET-ART","Street Art","","","006417","Arts, Crafts, and Hobbies"
"STRING-ART","String Art","","","006420","Arts, Crafts, and Hobbies"
"TEXTILE-PAINTING","Textile Painting","","","006470","Arts, Crafts, and Hobbies"
"THATCHING","Thatching","","","","Arts, Crafts, and Hobbies"
"TIE-DYE","Tie-Dye","","","006472","Arts, Crafts, and Hobbies"
"TIE-DYE-ADVANCED","Tie-Dye - Advanced","","","007400","Arts, Crafts, and Hobbies"
"TOLE-PAINTING","Tole Painting","","","006476","Arts, Crafts, and Hobbies"
"TOY-BOAT-REGATTA","Toy Boat Regatta","","","006477","Arts, Crafts, and Hobbies"
"TOY-BOAT-REGATTA-ADVANCED","Toy Boat Regatta - Advanced","","","007400","Arts, Crafts, and Hobbies"
"UPHOLSTERY","Upholstery","","","006505","Arts, Crafts, and Hobbies"
"WEAVING","Weaving","","","006530","Arts, Crafts, and Hobbies"
"WHISTLES","Whistles","","","006538","Arts, Crafts, and Hobbies"
"WHISTLES-ADVANCED","Whistles - Advanced","","","007400","Arts, Crafts, and Hobbies"
"WOOD-CARVING","Wood Carving","","","006570","Arts, Crafts, and Hobbies"
"WOOD-HANDICRAFT","Wood Handicraft","","","006580","Arts, Crafts, and Hobbies"
"ABSEILING","Abseiling","","","005997","Recreation"
"ABSEILING-ADVANCED","Abseiling - Advanced","","","007400","Recreation"
"ABSEILING-INSTRUCTOR","Abseiling - Instructor","","","002100","Recreation"
"ADAPTED-SPORTS","Adapted Sports","","","005008","Recreation"
"ARCHERY","Archery","","","005050","Recreation"
"ARCHERY-ADVANCED","Archery - Advanced","","","007400","Recreation"
"BACKPACKING","Backpacking","","","005065","Recreation"
"BACKPACKING-ADVANCED","Backpacking - Advanced","","","007400","Recreation"
"BASIC-WATER-SAFETY","Basic Water Safety","","","005085","Recreation"
"BASKETBALL","Basketball","","","005086","Recreation"
"CAMP-CRAFT","Camp Craft","","","005210","Recreation"
"CAMP-SAFETY","Camp Safety","","","006069","Recreation"
"CAMP-SAFETY-ADVANCED","Camp Safety - Advanced","","","007400","Recreation"
"CAMPING-SKILLS-I","Camping Skills I","","","005211","Recreation"
"CAMPING-SKILLS-II","Camping Skills II","","","005212","Recreation"
"CAMPING-SKILLS-III","Camping Skills III","","","005213","Recreation"
"CAMPING-SKILLS-IV","Camping Skills IV","","","005214","Recreation"
"CANOE-BUILDING","Canoe Building","","","005235","Recreation"
"CANOEING","Canoeing","","","005230","Recreation"
"CANOEING-ADVANCED","Canoeing - Advanced","","","007400","Recreation"
"CAVING","Caving","","","005270","Recreation"
"CAVING-ADVANCED","Caving - Advanced","","","007400","Recreation"
"COLD-WEATHER-SURVIVAL","Cold Weather Survival","","","005345","Recreation"
"COMMUNITY-WATER-SAFETY","Community Water Safety","","","005900","Recreation"
"COMMUNITY-WATER-SAFETY-ADVANCED","Community Water Safety - Advanced","","","007400","Recreation"
"CYCLING","Cycling","","","005390","Recreation"
"CYCLING-ADVANCED","Cycling - Advanced","","","007400","Recreation"
"DISC-GOLF","Disc Golf","","","005418","Recreation"
"DRILLING-MARCHING","Drilling & Marching","","","005470","Recreation"
"DRILLING-MARCHING-ADVANCED","Drilling & Marching - Advanced","","","007400","Recreation"
"DRUMMING-PERCUSSION","Drumming & Percussion","","","005473","Recreation"
"DRUMMING-PERCUSSION-ADVANCED","Drumming & Percussion - Advanced","","","007400","Recreation"
"DUTCH-OVEN-COOKING","Dutch Oven Cooking","","","005475","Recreation"
"FIRE-BUILDING-CAMP-COOKERY","Fire Building & Camp Cookery","","","005550","Recreation"
"FLAG-FOOTBALL","Flag Football","","","005833","Recreation"
"GEOCACHING","Geocaching","","","005645","Recreation"
"GEOCACHING-ADVANCED","Geocaching - Advanced","","","007400","Recreation"
"GEOLOGICAL-GEOCACHING","Geological Geocaching","","","005646","Recreation"
"GEOLOGICAL-GEOCACHING-ADVANCED","Geological Geocaching - Advanced","","","007400","Recreation"
"GOLD-PROSPECTING","Gold Prospecting","","","005677","Recreation"
"GOLD-PROSPECTING-ADVANCED","Gold Prospecting - Advanced","","","007400","Recreation"
"GOLF","Golf","","","005678","Recreation"
"HIKING","Hiking","","","005700","Recreation"
"HIKING-ADVANCED","Hiking - Advanced","","","007400","Recreation"
"HORSEMANSHIP","Horsemanship","","","005730","Recreation"
"HORSEMANSHIP-ADVANCED","Horsemanship - Advanced","","","007400","Recreation"
"JUGGLING","Juggling","","","005796","Recreation"
"KAYAKING","Kayaking","","","","Recreation"
"KITES","Kites","","","005815","Recreation"
"KNOT-TYING","Knot Tying","","","005830","Recreation"
"LASHING","Lashing","","","005855","Recreation"
"LASHING-ADVANCED","Lashing - Advanced","","","007400","Recreation"
"LETTERBOXING","Letterboxing","","","005878","Recreation"
"LETTERBOXING-ADVANCED","Letterboxing - Advanced","","","007400","Recreation"
"LIFESAVING","Lifesaving","","","","Recreation"
"LIFESAVING-ADVANCED","Lifesaving - Advanced","","","007400","Recreation"
"MOUNTAIN-BIKING","Mountain Biking","","","005995","Recreation"
"NATIONAL-PARKS-AND-HERITAGE-SITES","National Parks and Heritage Sites","","","006007","Recreation"
"NATIONAL-PARKS-AND-HERITAGE-SIT-ADVANCED","National Parks and Heritage Sites - Advanced","","","007400","Recreation"
"NAVIGATION","Navigation","","","006010","Recreation"
"ORIENTEERING","Orienteering","","","006050","Recreation"
"OUTDOOR-LEADERSHIP","Outdoor Leadership","","","006055","Recreation"
"OUTDOOR-LEADERSHIP-ADVANCED","Outdoor Leadership - Advanced","","","007400","Recreation"
"PHYSICAL-FITNESS","Physical Fitness","","","006090","Recreation"
"PICKLEBALL","Pickleball","","","006097","Recreation"
"PIONEERING","Pioneering","","","006105","Recreation"
"POWER-BOATING","Power Boating","","","006160","Recreation"
"ROCK-CLIMBING","Rock Climbing","","","006230","Recreation"
"ROCK-CLIMBING-ADVANCED","Rock Climbing - Advanced","","","007400","Recreation"
"ROWING","Rowing","","","006250","Recreation"
"SAILING","Sailing","","","006260","Recreation"
"SCUBA-DIVING","Scuba Diving","","","006280","Recreation"
"SCUBA-DIVING-ADVANCED","Scuba Diving - Advanced","","","007400","Recreation"
"SKATEBOARDING","Skateboarding","","","","Recreation"
"SKIING-CROSS-COUNTRY","Skiing - Cross Country","","","005385","Recreation"
"SKIING-DOWNHILL","Skiing Downhill","","","006340","Recreation"
"SKIN-DIVING","Skin Diving","","","006350","Recreation"
"SLOW-PITCH-SOFTBALL","Slow-Pitch Softball","","","006378","Recreation"
"SNOWSHOEING","Snowshoeing","","","006368","Recreation"
"SNOWSHOEING-ADVANCED","Snowshoeing - Advanced","","","007400","Recreation"
"SOCCER","Soccer","","","006377","Recreation"
"SPRINGBOARD-DIVING","Springboard Diving","","","006390","Recreation"
"SWIMMING","Swimming","","","006430","Recreation"
"SWIMMING-ADVANCED","Swimming - Advanced","","","007400","Recreation"
"SWIMMING-BEGINNER","Swimming - Beginner","","","005110","Recreation"
"SWIMMING-BEGINNER-ADVANCED","Swimming - Beginner - Advanced","","","007400","Recreation"
"SWIMMING-INTERMEDIATE","Swimming - Intermediate","","","005780","Recreation"
"TENNIS","Tennis","","","006464","Recreation"
"TENTS","Tents","","","006466","Recreation"
"TRACK-FIELD","Track & Field","","","006475","Recreation"
"TRAVEL","Travel","","","006478","Recreation"
"TRAVEL-ADVANCED","Travel - Advanced","","","007400","Recreation"
"TREE-CLIMBING","Tree Climbing","","","","Recreation"
"TRIATHLON","Triathlon","","","006487","Recreation"
"TRIATHLON-ADVANCED","Triathlon - Advanced","","","007400","Recreation"
"TUMBLING-BALANCING","Tumbling & Balancing","","","006490","Recreation"
"TUMBLING-BALANCING-ADVANCED","Tumbling & Balancing - Advanced","","","007400","Recreation"
"ULTIMATE-DISC","Ultimate Disc","","","006502","Recreation"
"ULTIMATE-DISC-ADVANCED","Ultimate Disc - Advanced","","","007400","Recreation"
"UNICYCLING","Unicycling","","","006503","Recreation"
"VOLLEYBALL","Volleyball","","","006507","Recreation"
"WAKEBOARDING","Wakeboarding","","","006508","Recreation"
"WATER-SAFETY-INSTRUCTOR","Water Safety Instructor","","","006512","Recreation"
"WATER-SAFETY-INSTRUCTOR-ADVANCED","Water Safety Instructor - Advanced","","","007400","Recreation"
"WATER-SKIING","Water Skiing","","","006510","Recreation"
"WATER-SKIING-ADVANCED","Water Skiing - Advanced","","","007400","Recreation"
"WILDERNESS-LEADERSHIP","Wilderness Leadership","","","006540","Recreation"
"WILDERNESS-LEADERSHIP-ADVANCED","Wilderness Leadership - Advanced","","","007400","Recreation"
"WILDERNESS-LIVING","Wilderness Living","","","006550","Recreation"
"WIND-SURFING","Wind Surfing","","","006555","Recreation"
"WINTER-CAMPING","Winter Camping","","","006560","Recreation"
"BAKING","Baking","","","005070","Household Arts"
"BASIC-SEWING","Basic Sewing","","","005081","Household Arts"
"COOKING","Cooking","","","005360","Household Arts"
"COOKING-ADVANCED","Cooking - Advanced","","","007400","Household Arts"
"CULTURAL-FOOD-PREPARATION","Cultural Food Preparation","","","005387","Household Arts"
"DRESSMAKING","Dressmaking","","","005460","Household Arts"
"DRESSMAKING-ADVANCED","Dressmaking - Advanced","","","007400","Household Arts"
"FOOD-CANNING","Food - Canning","","","006171","Household Arts"
"FOOD-DRYING","Food - Drying","","","005605","Household Arts"
"FOOD-FREEZING","Food - Freezing","","","005606","Household Arts"
"HOUSEHOLD-BUDGETING","Household Budgeting","","","005735","Household Arts"
"HOUSEKEEPING","Housekeeping","","","005740","Household Arts"
"LAUNDERING","Laundering","","","005860","Household Arts"
"MAT-MAKING","Mat Making","","","005957","Household Arts"
"NUTRITION","Nutrition","","","006025","Household Arts"
"NUTRITION-ADVANCED","Nutrition - Advanced","","","007400","Household Arts"
"PIZZA-MAKER","Pizza Maker","","","006109","Household Arts"
"QUILTING","Quilting","","","006190","Household Arts"
"TAILORING","Tailoring","","","006440","Household Arts"
"TAPA-CLOTH","Tapa Cloth","","","006445","Household Arts"
"ACCOUNTING","Accounting","","","007600","Vocational"
"ARBORICULTURE","Arboriculture","","","005047","Vocational"
"ARTIFICIAL-INTELLIGENCE","Artificial Intelligence","","","005055","Vocational"
"AUDIO-TECHNICIAN","Audio Technician","","","005057","Vocational"
"AUTOMOBILE-MECHANICS","Automobile Mechanics","","","005060","Vocational"
"AUTOMOBILE-MECHANICS-ADVANCED","Automobile Mechanics - Advanced","","","007400","Vocational"
"AVIATORS","Aviators","","","005063","Vocational"
"BARBERING-AND-HAIRSTYLING","Barbering and Hairstyling","","","007605","Vocational"
"BIBLE-EVANGELISM","Bible Evangelism","","","005120","Vocational"
"BLACKSMITHING","Blacksmithing","","","005145","Vocational"
"BOOKBINDING","Bookbinding","","","007610","Vocational"
"BOOKKEEPING","Bookkeeping","","","005160","Vocational"
"BUSINESS","Business","","","005189","Vocational"
"CARPENTRY","Carpentry","","","005240","Vocational"
"CHRISTIAN-SALES-PRINCIPLES","Christian Sales Principles","","","005320","Vocational"
"COMMUNICATIONS","Communications","","","005350","Vocational"
"COMMUNICATIONS-ADVANCED","Communications - Advanced","","","007400","Vocational"
"COMPUTERS","Computers","","","005355","Vocational"
"COMPUTERS-ADVANCED","Computers - Advanced","","","007400","Vocational"
"COMPUTERS-AND-MOBILE-DEVICES","Computers and Mobile Devices","","","005355","Vocational"
"COMPUTERS-AND-MOBILE-DEVICES-ADVANCED","Computers and Mobile Devices - Advanced","","","007400","Vocational"
"DAMS-HYDROELECTRICITY","Dams & Hydroelectricity","","","","Vocational"
"DRONES","Drones","","","005435","Vocational"
"ELECTRICITY","Electricity","","","005500","Vocational"
"ENGINEERING","Engineering","","","005507","Vocational"
"FIRE-SAFETY","Fire Safety","","","005551","Vocational"
"FORESTRY","Forestry","","","005608","Vocational"
"FORESTRY-ADVANCED","Forestry - Advanced","","","007400","Vocational"
"HOUSE-PAINTING-EXTERIOR","House Painting, Exterior","","","007615","Vocational"
"HOUSE-PAINTING-INTERIOR","House Painting, Interior","","","007620","Vocational"
"INTERNET","Internet","","","005783","Vocational"
"INTERNET-ADVANCED","Internet - Advanced","","","007400","Vocational"
"JOURNALISM","Journalism","","","005790","Vocational"
"LAND-SURVEYING","Land Surveying","","","005838","Vocational"
"MASONRY","Masonry","","","007625","Vocational"
"MOBILE-TECHNOLOGY","Mobile Technology","","","005968","Vocational"
"PAPERHANGING","Paperhanging","","","007630","Vocational"
"PEWTER-CASTING","Pewter Casting","","","006187","Vocational"
"PLUMBING","Plumbing","","","007635","Vocational"
"PRINTING","Printing","","","006180","Vocational"
"RADIO","Radio","","","006200","Vocational"
"RADIO-ADVANCED","Radio - Advanced","","","007400","Vocational"
"RADIO-ELECTRONICS","Radio Electronics","","","006210","Vocational"
"ROBOTICS","Robotics","","","006223","Vocational"
"ROBOTICS-ADVANCED","Robotics - Advanced","","","007400","Vocational"
"SHOE-REPAIR","Shoe Repair","","","007640","Vocational"
"SIGNS-SIGNALS-AND-SYMBOLS","Signs, Signals and Symbols","","","006327","Vocational"
"SHORTHAND","Shorthand","","","007645","Vocational"
"SMALL-ENGINES","Small Engines","","","006360","Vocational"
"SOAP-MAKING","Soap Making","","","006369","Vocational"
"SOAP-MAKING-ADVANCED","Soap Making - Advanced","","","007400","Vocational"
"SOCIAL-MEDIA","Social Media","","","006371","Vocational"
"TEACHING","Teaching","","","006450","Vocational"
"TILE-LAYING","Tile Laying","","","006472","Vocational"
"TYPEWRITING","Typewriting","","","006500","Vocational"
"VIDEO","Video","","","007365","Vocational"
"VIDEO-ADVANCED","Video - Advanced","","","007400","Vocational"
"VISUAL-MEDIA-CRITIQUE","Visual Media Critique","","","006600","Vocational"
"WELDING","Welding","","","006535","Vocational"
"WOODWORKING","Woodworking","","","006590","Vocational"
"WORD-PROCESSING","Word Processing","","","006592","Vocational"
"AGRICULTURE","Agriculture","","","005010","Outdoor Industries"
"BEEKEEPING","Beekeeping","","","005100","Outdoor Industries"
"CATTLE-HUSBANDRY","Cattle Husbandry","","","005260","Outdoor Industries"
"DAIRYING","Dairying","","","005400","Outdoor Industries"
"FLOWER-CULTURE","Flower Culture","","","005590","Outdoor Industries"
"FRUIT-GROWING","Fruit Growing","","","005620","Outdoor Industries"
"GARDENING","Gardening","","","005640","Outdoor Industries"
"GOAT-HUSBANDRY","Goat Husbandry","","","005675","Outdoor Industries"
"HORSE-HUSBANDRY","Horse Husbandry","","","005720","Outdoor Industries"
"HYDROPONICS-AND-AQUAPONICS","Hydroponics and Aquaponics","","","005753","Outdoor Industries"
"HYDROPONICS-AND-AQUAPONICS-ADVANCED","Hydroponics and Aquaponics - Advanced","","","007400","Outdoor Industries"
"ISLAND-FISHING","Island Fishing","","","","Outdoor Industries"
"PIGEON-RAISING","Pigeon Raising","","","006100","Outdoor Industries"
"POULTRY-RAISING","Poultry Raising","","","006150","Outdoor Industries"
"SHEEP-HUSBANDRY","Sheep Husbandry","","","006300","Outdoor Industries"
"SMALL-FRUIT-GROWING","Small Fruit Growing","","","006365","Outdoor Industries"
"SUBSISTENCE-FARMING","Subsistence Farming","","","006425","Outdoor Industries"
"AQUATIC-MASTER-AWARD","Aquatic Master Award","","","004000","Master Awards"
"ARTISAN-MASTER-AWARD","Artisan Master Award","","","004010","Master Awards"
"CONSERVATION-MASTER-AWARD","Conservation Master Award","","","004020","Master Awards"
"FAMILY-ORIGINS-AND-HERITAGE-MASTER-AWARD","Family, Origins, and Heritage Master Award","","","004025","Master Awards"
"FARMING-MASTER-AWARD","Farming Master Award","","","004030","Master Awards"
"HEALTH-MASTER-AWARD","Health Master Award","","","004035","Master Awards"
"HOMEMAKING-MASTER-AWARD","Homemaking Master Award","","","004040","Master Awards"
"MODERN-TECHNOLOGY-MASTER-AWARD","Modern Technology Master Award","","","004045","Master Awards"
"NATURALIST-MASTER-AWARD","Naturalist Master Award","","","004050","Master Awards"
"RECREATION-MASTER-AWARD","Recreation Master Award","","","004055","Master Awards"
"SPIRITUAL-GROWTH-AND-MINISTRIES-MASTER-A","Spiritual Growth and Ministries Master Award","","","004057","Master Awards"
"SPORTSMAN-MASTER-AWARD","Sportsman Master Award","","","004060","Master Awards"
"TECHNICIAN-MASTER-AWARD","Technician Master Award","","","004070","Master Awards"
"WILDERNESS-MASTER-AWARD","Wilderness Master Award","","","004080","Master Awards"
"ZOOLOGY-MASTER-AWARD","Zoology Master Award","","","004095","Master Awards"
