section,item,adventsource_catalog_number
Investiture,Friend Class Name Strip,002140
Investiture,Friend Chevron,002250
Investiture,Friend Pin,002120
Investiture,Trail Friend Ribbon Bar,002300
Investiture,Companion Class Name Strip,002141
Investiture,Companion Chevron,002251
Investiture,Companion Pin,002121
Investiture,Trail Companion Ribbon Bar,002301
Investiture,Explorer Class Name Strip,002142
Investiture,Explorer Chevron,002252
Investiture,Explorer Pin,002122
Investiture,Wilderness Explorer Ribbon Bar,002302
Investiture,Ranger Class Name Strip,002143
Investiture,Ranger Chevron,002253
Investiture,Ranger Pin,002123
Investiture,Wilderness Ranger Ribbon Bar,002303
Investiture,Voyager Class Name Strip,002152
Investiture,Voyager Chevron,002264
Investiture,Voyager Pin,002124
Investiture,Frontier Voyager Ribbon Bar,002306
Investiture,Guide Class Name Strip,002150
Investiture,Guide Chevron,002260
Investiture,Guide Pin,002130
Investiture,Frontier Guide Ribbon Bar,002307
Investiture,Master Guide Class Name Strip,002151
Investiture,Master Guide Star Patch,002263
Investiture,Master Guide Star with Chevrons,002261
Investiture,Master Guide Pin,002131
Investiture,Master Guide Patch,001000
Investiture,Master Guide Neckerchief,009603
Investiture,Master Guide Sldie,002200
Investiture,Master Guide Tie,002241
Investiture,Master Guide Embroidered slide,002200
Investiture,Master Guide Metal slide,009689
Investiture,Friend Record Journal,002970
Investiture,Companion Record Journal,002971
Investiture,Explorer Record Journal,002972
Investiture,Ranger Record Journal,002973
Investiture,Voyager Record Journal,002974
Investiture,Guide Record Journal,002975
Investiture,Friend Instructor's Helps,009500
Investiture,Companion Instructor's Helps,009501
Investiture,Explorer Instructor's Helps,009502
Investiture,Ranger Instructor's Helps,009503
Investiture,Voyager Instructor's Helps,009504
Investiture,Guide Instructor's Helps,009505
Camporees,Iowa-Missouri Camporees Patch,
Camporees,Fall Camporee 2010,
Camporees,Fall Camporee 2011,
Camporees,Fall Camporee 2012,
Camporees,Fall Camporee 2013,
Camporees,Fall Camporee 2014,
Camporees,Fall Camporee 2015,
Camporees,Fall Camporee 2016,
Camporees,Fall Camporee 2017,
Camporees,Fall Camporee 2018,
Camporees,Fall Camporee 2019,
Camporees,Fall Camporee 2020,
Camporees,Fall Camporee 2021,
Camporees,Fall Camporee 2022,
Camporees,Fall Camporee 2023,
Camporees,Fall Camporee 2024,
Camporees,Fall Camporee 2025,
Camporees,Spring Camporee 2011,
Camporees,Spring Camporee 2012,
Camporees,Spring Camporee 2013,
Camporees,Spring Camporee 2014,
Camporees,Spring Camporee 2015,
Camporees,Spring Camporee 2016,
Camporees,Spring Camporee 2017,
Camporees,Spring Camporee 2018,
Camporees,Spring Camporee 2019,
Camporees,Spring Camporee 2021,
Camporees,Spring Camporee 2022,
Camporees,Spring Camporee 2023,
Camporees,Spring Camporee 2024,
Camporees,Spring Camporee 2025,
Camporees,Spr. Camp. Memory Verse Pin 2023,
Camporees,Spr. Camp. Memory Verse Pin 2024,
Camporees,Spr. Camp. Memory Verse Pin 2025,
Camporees,MAU Camporee Patch 2012,
Camporees,MAU Camporee Pin 2012,
Camporees,MAU Camporee Patch 2017,
Camporees,MAU Camporee Pin 2017,
Camporees,International Camporee Patch 2009,
Camporees,International Camporee Pin 2009,
Camporees,International Camporee Patch 2014,
Camporees,International Camporee Pin 2014,
Camporees,International Camporee Patch 2019,
Camporees,International Camporee Pin 2019,
Camporees,International Camporee Patch 2024,
Camporees,International Camporee Pin 2024,
Pathfinder Bible Experience,PBE Patch,003790
Pathfinder Bible Experience,PBE Pin 2014,
Pathfinder Bible Experience,PBE Pin 2015,
Pathfinder Bible Experience,PBE Pin 2016,
Pathfinder Bible Experience,PBE Pin 2016,
Pathfinder Bible Experience,PBE Pin 2017,
Pathfinder Bible Experience,PBE Pin 2017,
Pathfinder Bible Experience,PBE Pin 2018,
Pathfinder Bible Experience,PBE Pin 2018,
Pathfinder Bible Experience,PBE Pin 2019,
Pathfinder Bible Experience,PBE Pin 2020,
Pathfinder Bible Experience,PBE Pin 2021,
Pathfinder Bible Experience,PBE Pin 2022,
Pathfinder Bible Experience,PBE Pin 2023,
Pathfinder Bible Experience,PBE Pin 2023,
Pathfinder Bible Experience,PBE Pin 2024,
Pathfinder Bible Experience,PBE Pin 2025,
Pathfinder Bible Experience,PBE Pin 2025,
Pathfinder Bible Experience,Captain Name Plate,002040
Pathfinder Bible Experience,Scribe Name Plate,002041
Teen Leadership Training,TLT Sleeve Strip,003028
Teen Leadership Training,TLT Patch,002139
Teen Leadership Training,TLT Pin,002138
Teen Leadership Training,TLT Red Shoulder Cord,002060
Teen Leadership Training,TLT Red-Trimmed Neckerchief,009516
Teen Leadership Training,Black Beret,
Teen Leadership Training,"Black Beret (S, 22)",003650
Teen Leadership Training,"Black Beret (M, 22.5)",003651
Teen Leadership Training,"Black Beret (L, 23.5)",003652
Teen Leadership Training,"Black Beret (XL, 24)",003653
Teen Leadership Training,Pathfinder Beret Triangle Patch,003002
Teen Leadership Training,White Parade Gloves,
Teen Leadership Training,White Parade Gloves (S),009454
Teen Leadership Training,White Parade Gloves (M),009455
Teen Leadership Training,White Parade Gloves (L),009456
Teen Leadership Training,White Parade Gloves (XL),009457
Teen Leadership Training,TLT Service Star - Year 1,002436
Teen Leadership Training,TLT Service Star - Year 2,002437
Teen Leadership Training,TLT Service Star - Year 3,002438
Teen Leadership Training,TLT Service Star - Year 4,002439
Teen Leadership Training,Maaster TLT Patch,009698
Teen Leadership Training,Master TLT Pin,009701
Teen Leadership Training,Yellowstone 2015,
Teen Leadership Training,Meramec Patch 2016,
Teen Leadership Training,Meramec Pin 2016,
Teen Leadership Training,Meramec Patch 2023,
Teen Leadership Training,Red TLT T-Shirt,
Teen Leadership Training,Red TLT Polo,
Teen Leadership Training,Black TLT Polo,
Miscellaneous,Baptismal Pin,002134
Miscellaneous,Good Conduct Bar,002304
Miscellaneous,Good Conduct Star (1st),002305
Miscellaneous,Good Conduct Star (2nd),002305
Miscellaneous,Good Conduct Star (3rd),002305
Miscellaneous,Good Conduct Star (4th),002305
Miscellaneous,Good Conduct Star (5th),002305
Miscellaneous,Good Conduct Star,002305
Miscellaneous,Iowa-Missouri Conference Patch,
Miscellaneous,Pathfinder World Patch,003003
Miscellaneous,Pathfinder Triangle Patch,003002
Miscellaneous,Instructor Sleeve Strip,003024
Miscellaneous,Jr. Counselor Sleeve Strip,003025
Miscellaneous,Counselor Sleeve Strip,003023
Miscellaneous,Deputy Director Sleeve Strip,003022
Miscellaneous,Associate Director sleeve Strip,003026
Miscellaneous,Director Sleeve Strip,003021
Miscellaneous,Men's Black Tie (No Logo),003266
Miscellaneous,Women's Tuxedo Tie,003125
Miscellaneous,Staff Service Star - Year 1,002401
Miscellaneous,Staff Service Star - Year 2,002402
Miscellaneous,Staff Service Star - Year 3,002403
Miscellaneous,Staff Service Star - Year 4,002404
Miscellaneous,Staff Service Star - Year 5,002405
Miscellaneous,Staff Service Star - Year 6,002406
Miscellaneous,Staff Service Star - Year 7,002407
Miscellaneous,Staff Service Star - Year 8,002408
Miscellaneous,Staff Service Star - Year 9,002409
Miscellaneous,Staff Service Star - Year 10,002410
Miscellaneous,Staff Service Star - Year 11,002411
Miscellaneous,Staff Service Star - Year 12,002412
Miscellaneous,Staff Service Star - Year 13,002413
Miscellaneous,Staff Service Star - Year 14,002414
Miscellaneous,Staff Service Star - Year 15,002415
Miscellaneous,Staff Service Star - Year 20,002420
Miscellaneous,Staff Service Star - Year 25,002425
Miscellaneous,Staff Service Star - Year 30,002430
Miscellaneous,Staff Service Star - Year 35,002435
Miscellaneous,Staff Service Star - Year 40,002450
Miscellaneous,Staff Service Star - Year 45,002455
Miscellaneous,Staff Service Star - Year 50,002460
Class A Dress Apparel,"Boys' Short Sleeve Shirt (S, Size 8, Chest 32)",003522
Class A Dress Apparel,"Boys' Short Sleeve Shirt (M, Size 10/12, Chest 25)",003525
Class A Dress Apparel,"Boys' Short Sleeve Shirt (L, Size 14/16, Chest 38)",003528
Class A Dress Apparel,"Boys' Short Sleeve Shirt (XL, Size 18/20, Chest 41)",003518
Class A Dress Apparel,"Boys' Short Sleeve Shirt (2XL, Size 22/24, Chest 43)",003519
Class A Dress Apparel,"Men's Short Sleeve Shirt (S, Size 14/14.5, Chest 34-36)",003531
Class A Dress Apparel,"Men's Short Sleeve Shirt (M, Size 15/15.5, Chest 38-40)",003533
Class A Dress Apparel,"Men's Short Sleeve Shirt (L, Size 16/16.5, Chest 42-44)",003535
Class A Dress Apparel,"Men's Short Sleeve Shirt (XL, Size 17/17.5, Chest 46-48)",003540
Class A Dress Apparel,"Men's Short Sleeve Shirt (2XL, Size 18/18.5, Chest 50-52)",003544
Class A Dress Apparel,"Men's Short Sleeve Shirt (3XL, Size 19/19.5, Chest 54-56)",003546
Class A Dress Apparel,"Men's Short Sleeve Shirt (4XL, Size 20/20.5, Chest 58-60)",003547
Class A Dress Apparel,"Men's Short Sleeve Shirt (5XL, Size 21/21.5, Chest 62-64)",003548
Class A Dress Apparel,"Junior Girls' Short Sleeve Blouse (S, Size 3/5, Bust 37)",003230
Class A Dress Apparel,"Junior Girls' Short Sleeve Blouse (M, Size 7/9, Bust 39)",003231
Class A Dress Apparel,"Junior Girls' Short Sleeve Blouse (L, Size 11/13, Bust 42)",003232
Class A Dress Apparel,"Junior Girls' Short Sleeve Blouse (XL, Size 15, Bust 44)",003233
Class A Dress Apparel,"Girls' Short Sleeve Blouse (S, Size 7/8, Bust 29)",003503
Class A Dress Apparel,"Girls' Short Sleeve Blouse (M, Size 10/12, Bust 32)",003504
Class A Dress Apparel,"Girls' Short Sleeve Blouse (L, Size 14/16, Bust 35)",003494
Class A Dress Apparel,"Girls' Short Sleeve Blouse (XL, Size 18/20, Bust 38)",003505
Class A Dress Apparel,"Women's Short Sleeve Blouse (Size 4/6, Bust 34)",003508
Class A Dress Apparel,"Women's Short Sleeve Blouse (Size 8/10, Bust 38)",003509
Class A Dress Apparel,"Women's Short Sleeve Blouse (Size 12, Bust 40)",003510
Class A Dress Apparel,"Women's Short Sleeve Blouse (Size 14, Bust 42)",003511
Class A Dress Apparel,"Women's Short Sleeve Blouse (Size 16, Bust 44)",003515
Class A Dress Apparel,"Women's Short Sleeve Blouse (Size 18, Bust 46)",003512
Class A Dress Apparel,"Women's Short Sleeve Blouse (Size 20, Bust 48)",003516
Class A Dress Apparel,"Women's Short Sleeve Blouse (Size 22, Bust 50)",003517
Class A Dress Apparel,"Women's Short Sleeve Blouse (Size 24, Bust 52)",003499
Class A Dress Apparel,"Women's Short Sleeve Blouse (Size 26, Bust 54)",003498
Class A Dress Apparel,"Women's Short Sleeve Blouse (Size 28, Bust 56)",003507
Class A Dress Apparel,"Boys' Pants (Size 8, Waist 26)",008876
Class A Dress Apparel,"Boys' Pants (Size 10, Waist 27)",008877
Class A Dress Apparel,"Boys' Pants (Size 12, Waist 28)",008878
Class A Dress Apparel,"Boys' Pants (Size 14, Waist 29)",008879
Class A Dress Apparel,"Boys' Pants (Size 16, Waist 30)",008880
Class A Dress Apparel,"Boys' Pants (Size 18, Waist 31)",008881
Class A Dress Apparel,"Boys' Pants (Size 20, Waist 32)",008882
Class A Dress Apparel,"Husky Boys' Pants (Size 14H, Waist 31)",008883
Class A Dress Apparel,"Husky Boys' Pants (Size 16H, Waist 33)",008884
Class A Dress Apparel,"Husky Boys' Pants (Size 18H, Waist 35)",008885
Class A Dress Apparel,"Husky Boys' Pants (Size 20H, Waist 37)",008886
Class A Dress Apparel,Men's Pants (Size 28),008900
Class A Dress Apparel,Men's Pants (Size 30),008901
Class A Dress Apparel,Men's Pants (Size 32),008902
Class A Dress Apparel,Men's Pants (Size 34),008903
Class A Dress Apparel,Men's Pants (Size 36),008904
Class A Dress Apparel,Men's Pants (Size 38),008905
Class A Dress Apparel,Men's Pants (Size 40),008906
Class A Dress Apparel,Men's Pants (Size 42),008907
Class A Dress Apparel,Men's Pants (Size 44),008908
Class A Dress Apparel,Men's Pants (Size 46),008909
Class A Dress Apparel,Men's Pants (Size 48),008910
Class A Dress Apparel,"Junior Girls' Pants (Size 5/6, Waist 25.5)",008826
Class A Dress Apparel,"Junior Girls' Pants (Size 7/8, Waist 26.5)",008827
Class A Dress Apparel,"Junior Girls' Pants (Size 9/10, Waist 27.5)",008828
Class A Dress Apparel,"Junior Girls' Pants (Size 11/12, Waist 29)",008829
Class A Dress Apparel,"Junior Girls' Pants (Size 13/14, Waist 30.5)",008830
Class A Dress Apparel,"Junior Girls' Pants (Size 15/16, Waist 32)",008831
Class A Dress Apparel,"Girls' Pants (Size 6, Waist 20)",008820
Class A Dress Apparel,"Girls' Pants (Size 8, Waist 21)",008821
Class A Dress Apparel,"Girls' Pants (Size 10, Waist 22)",008822
Class A Dress Apparel,"Girls' Pants (Size 12, Waist 23.25)",008823
Class A Dress Apparel,"Girls' Pants (Size 14, Waist 24.5)",008824
Class A Dress Apparel,"Women's Pants (Size 4, Waist 30)",008840
Class A Dress Apparel,"Women's Pants (Size 6, Waist 31)",008841
Class A Dress Apparel,"Women's Pants (Size 8, Waist 32)",008842
Class A Dress Apparel,"Women's Pants (Size 10, Waist 33)",008843
Class A Dress Apparel,"Women's Pants (Size 12, Waist 34)",008844
Class A Dress Apparel,"Women's Pants (Size 14, Waist 35.5)",008845
Class A Dress Apparel,"Women's Pants (Size 16, Waist 37)",008846
Class A Dress Apparel,"Women's Pants (Size 18, Waist 39)",008847
Class A Dress Apparel,"Women's Pants (Size 20, Waist 41)",008848
Class A Dress Apparel,"Women's Pants (Size 22, Waist 43)",008849
Class A Dress Apparel,"Women's Pants (Size 24, Waist 46)",008850
Class A Dress Apparel,"Women's Pants (Size 26, Waist 49)",008851
Class A Dress Apparel,"Women's Pants (Size 28, Waist 51)",008852
Class A Dress Apparel,"Junior Girls' Skirt (Size 7/8, Waist 26.5)",008807
Class A Dress Apparel,"Junior Girls' Skirt (Size 9/10, Waist 27.5)",008808
Class A Dress Apparel,"Junior Girls' Skirt (Size 11/12, Waist 29)",008809
Class A Dress Apparel,"Junior Girls' Skirt (Size 13/14, Waist 30.5)",008810
Class A Dress Apparel,"Junior Girls' Skirt (Size 15/16, Waist 32)",008811
Class A Dress Apparel,"Girls' Skirt (Size 8, Waist 21)",008801
Class A Dress Apparel,"Girls' Skirt (Size 10, Waist 22)",008802
Class A Dress Apparel,"Girls' Skirt (Size 12, Waist 23.25)",008803
Class A Dress Apparel,"Girls' Skirt (Size 14, Waist 24.5)",008804
Class A Dress Apparel,"Women's Skirt (S, Waist 30)",008861
Class A Dress Apparel,"Women's Skirt (M, Waist 30)",008862
Class A Dress Apparel,"Women's Skirt (L, Waist 30)",008863
Class A Dress Apparel,"Women's Skirt (XL, Waist 30)",008864
Class A Dress Apparel,"Women's Skirt (2XL, Waist 30)",008865
Class A Dress Apparel,"Women's Skirt (3XL, Waist 30)",008866
Class A Uniform Accessories,Adult Scarf,003758
Class A Uniform Accessories,Child Scarf,003754
Class A Uniform Accessories,Staff Embroidered Scarf,009604
Class A Uniform Accessories,Slide,002195
Class A Uniform Accessories,"Belt & bucle 30""",008585
Class A Uniform Accessories,"Belt & buckle 40""",008585
Class A Uniform Accessories,"Belt & Buckle 50""",008589
Class A Uniform Accessories,"Sashe Medium 24.5""",003737
Class A Uniform Accessories,"Sash Large 28""",003738
Class A Uniform Accessories,"Sash Large 3 Wide 28""",003739
Class A Uniform Accessories,"Sash XL 3 Wide 35""",003741
Class A Uniform Accessories,"Sash 2 XL 3 Wide 39""",009685
Class A Uniform Accessories,Men's Black Tie,003266
Class A Uniform Accessories,Women's Black Tie,003125
Class A Uniform Accessories,Directors one-star set,002101
Class A Uniform Accessories,Area Coordinator two-star set,002102
Other Apparel,Club Field Uniform (S),
Other Apparel,Club Field Uniform (M),
Other Apparel,Club Field Uniform (L),
Other Apparel,Club Field Uniform (XL),
Other Apparel,Crew sweatshirt X-Large,008233
Other Apparel,Crew Sweatshirt XX-Large,008234
Other Apparel,Sweatshirt Hoodie Medium,008241
Other Apparel,Sweatshirt Hoodie largee,008242
Other Apparel,Sweatshirt Hoodie X-Large,008243
Other Apparel,Sweatshirt Hoodie XX-Large,008244
Other Apparel,Sweatshirt Hoodie XXXX Large,008266
Miscellaneous Honors,Advanced Honor Star,007400
Miscellaneous Honors,Pathfinder Evangelism Award,003015
Nature,Alternative Fuels,005025
Nature,Alternative Fuels - Advanced,007400
Nature,Amphibians,005030
Nature,Amphibians - Advanced,007400
Nature,Animal Camouflage,005035
Nature,Animal Camouflage - Advanced,007400
Nature,Animal Tracking,005040
Nature,Animal Tracking - Advanced,007400
Nature,Antelopes,005045
Nature,Antelopes - Advanced,007400
Nature,Bats,005095
Nature,Bats - Advanced,007400
Nature,Bird Pets,005130
Nature,Birds,005140
Nature,Birds - Advanced,007400
Nature,Bogs & Fens,005157
Nature,Bogs & Fens - Advanced,007400
Nature,Bubbles,005188
Nature,Cacti,005190
Nature,Cacti - Advanced,007400
Nature,Cats,005250
Nature,Cats - Advanced,007400
Nature,Cetaceans,005285
Nature,Climate Science,005338
Nature,Climate Science - Advanced,007400
Nature,Coal,005343
Nature,Coral Reefs,005372
Nature,Coral Reefs - Advanced,007400
Nature,Dinosaurs,005419
Nature,Dog Care and Training,005420
Nature,Dogs,005430
Nature,Dunes,005474
Nature,Dunes - Advanced,007400
Nature,Ecology,005480
Nature,Ecology - Advanced,007400
Nature,Edible Wild Plants,005490
Nature,Endangered Species,005505
Nature,Environmental Conservation,005510
Nature,Eucalypts,
Nature,Ferns,005540
Nature,Fishes,005570
Nature,Flowers,005600
Nature,Flowers - Advanced,007400
Nature,Fossils,005610
Nature,Fungi,005630
Nature,Geology,005650
Nature,Geology - Advanced,007400
Nature,Glaciers,005658
Nature,Grasses,005680
Nature,Grasslands,
Nature,Herbs,005695
Nature,House Plants,005750
Nature,Insects,005770
Nature,Insects - Advanced,007400
Nature,"Lichens, Liverworts & Mosses",005890
Nature,Livestock,005440
Nature,Mammals,005930
Nature,Mammals - Advanced,007400
Nature,Maple Sugar,005936
Nature,Maple Sugar - Advanced,007400
Nature,Marine Algae,005940
Nature,Marine Invertebrates,005950
Nature,Marine Mammals,005955
Nature,Marsupials,005956
Nature,Meteorites,005962
Nature,Microscopic Life,005965
Nature,Midnight Sun,005966
Nature,Migration,005986
Nature,Moths & Butterflies,005990
Nature,Mountains,005993
Nature,Oceans,006028
Nature,Odonates,006045
Nature,Odonates - Advanced,007400
Nature,Orchids,006040
Nature,Palm Trees,006056
Nature,Parrots and Cockatoos,006057
Nature,Poultry,006140
Nature,Predatory Plants,006178
Nature,Rainforests,006211
Nature,Raptors,006212
Nature,Raptors - Advanced,007400
Nature,Recycling,006213
Nature,Renewable Energy,006214
Nature,Reptiles,006220
Nature,Reptiles - Advanced,007400
Nature,Rivers and Streams,006225
Nature,Rivers and Streams - Advanced,007400
Nature,Rocks & Minerals,006240
Nature,Rocks & Minerals - Advanced,007400
Nature,Sand,006270
Nature,Seeds,006310
Nature,Seeds - Advanced,007400
Nature,Sharks,006295
Nature,Shells,006320
Nature,Shells - Advanced,007400
Nature,Shrubs,006323
Nature,Small Mammal Pets,006367
Nature,Soils,006373
Nature,Spiders,006380
Nature,Stars,006410
Nature,Stars - Advanced,007400
Nature,Taiga,006435
Nature,Taiga - Advanced,007400
Nature,Temperate Deciduous Forests,006462
Nature,Temperate Grasslands,006463
Nature,Temperate Grasslands - Advanced,007400
Nature,Trees,006480
Nature,Trees - Advanced,007400
Nature,Water Science,006511
Nature,Water Science - Advanced,007400
Nature,Waterfalls,006509
Nature,Wattles,006515
Nature,Weather,006520
Nature,Weather - Advanced,007400
Nature,Worms,006595
Nature,Worms - Advanced,007400
Health And Science,​Adolescent Mental Health Response,004996
Health And Science,Basic Rescue,005082
Health And Science,Biosafety,005127
Health And Science,Blood and the Body's Defenses,005155
Health And Science,"Bones, Muscles, and Movement",005165
Health And Science,Brain and Behavior,005175
Health And Science,Chemistry,005290
Health And Science,CPR,005375
Health And Science,Digestion,005415
Health And Science,First Aid - Advanced,005565
Health And Science,"First Aid, Basic",005080
Health And Science,"First Aid, Standard",005560
Health And Science,Health and Healing,005690
Health And Science,Heart and Circulation,005693
Health And Science,Heredity,005697
Health And Science,Home Nursing,005710
Health And Science,Legacy of Healing,005871
Health And Science,Optics,006030
Health And Science,Personal Health and Wellness,006072
Health And Science,Physics,006095
Health And Science,Red Alert,006215
Health And Science,Social Determinants of Health,006376
Health And Science,Viruses,006506
"Spiritual Growth, Outreach, And Heritage",Adventist Pioneer Heritage,005005
"Spiritual Growth, Outreach, And Heritage",Adventurer for Christ,005000
"Spiritual Growth, Outreach, And Heritage",Adventurer for Christ - Advanced,007400
"Spiritual Growth, Outreach, And Heritage",African American Adventist Heritage in the NAD,004999
"Spiritual Growth, Outreach, And Heritage",African American Adventist Heritage in the NAD - Advanced,007400
"Spiritual Growth, Outreach, And Heritage",Alive Bible,005118
"Spiritual Growth, Outreach, And Heritage",Bible Marking,005123
"Spiritual Growth, Outreach, And Heritage",Bible Marking - Advanced,007400
"Spiritual Growth, Outreach, And Heritage",Biblical Archaeology,005124
"Spiritual Growth, Outreach, And Heritage",Braille,005171
"Spiritual Growth, Outreach, And Heritage",Bully Prevention I,005181
"Spiritual Growth, Outreach, And Heritage",Bully Prevention II,005182
"Spiritual Growth, Outreach, And Heritage",Child Care,005295
"Spiritual Growth, Outreach, And Heritage",Christian Art of Preaching,005298
"Spiritual Growth, Outreach, And Heritage",Christian Art of Preaching - Advanced,007400
"Spiritual Growth, Outreach, And Heritage",Christian Citizenship,005300
"Spiritual Growth, Outreach, And Heritage",Christian Drama,005305
"Spiritual Growth, Outreach, And Heritage",Christian Grooming & Manners,005310
"Spiritual Growth, Outreach, And Heritage",Christian Storytelling,005330
"Spiritual Growth, Outreach, And Heritage",Christian Team Building,005335
"Spiritual Growth, Outreach, And Heritage",Christian Visitation,005336
"Spiritual Growth, Outreach, And Heritage",Community Improvement,007105
"Spiritual Growth, Outreach, And Heritage",Creationism,005377
"Spiritual Growth, Outreach, And Heritage",Creationism - Advanced,007400
"Spiritual Growth, Outreach, And Heritage",Crisis Intervention,007115
"Spiritual Growth, Outreach, And Heritage",Cultural Diversity Appreciation,006060
"Spiritual Growth, Outreach, And Heritage",Disaster Ministries,007045
"Spiritual Growth, Outreach, And Heritage",Disciples and Apostles,005455
"Spiritual Growth, Outreach, And Heritage",Eschatology,
"Spiritual Growth, Outreach, And Heritage",Family Life,005520
"Spiritual Growth, Outreach, And Heritage",Feeding Ministries,007055
"Spiritual Growth, Outreach, And Heritage",Flags,005575
"Spiritual Growth, Outreach, And Heritage",Flags - Advanced,007400
"Spiritual Growth, Outreach, And Heritage",Foreign Mission Trips,005609
"Spiritual Growth, Outreach, And Heritage",Hymns,005755
"Spiritual Growth, Outreach, And Heritage",God's Messenger,005676
"Spiritual Growth, Outreach, And Heritage",Identifying Community Needs,007025
"Spiritual Growth, Outreach, And Heritage",Judges of Israel,005795
"Spiritual Growth, Outreach, And Heritage",Junior Witness,005800
"Spiritual Growth, Outreach, And Heritage",Junior Youth Leadership,005810
"Spiritual Growth, Outreach, And Heritage",Kings of Israel,005814
"Spiritual Growth, Outreach, And Heritage",Language Study,005840
"Spiritual Growth, Outreach, And Heritage",Literature Evangelism,005910
"Spiritual Growth, Outreach, And Heritage",Media Broadcast Ministry,005959
"Spiritual Growth, Outreach, And Heritage",Missionary Life,005964
"Spiritual Growth, Outreach, And Heritage",Parade Floats,006071
"Spiritual Growth, Outreach, And Heritage",Parade Floats - Advanced,007400
"Spiritual Growth, Outreach, And Heritage",Patriarchs of the Bible,006061
"Spiritual Growth, Outreach, And Heritage",Peace Maker,006068
"Spiritual Growth, Outreach, And Heritage",Peace Maker - Advanced,007400
"Spiritual Growth, Outreach, And Heritage",Personal Evangelism,006070
"Spiritual Growth, Outreach, And Heritage",Praise and Worship,006163
"Spiritual Growth, Outreach, And Heritage",Prayer,006175
"Spiritual Growth, Outreach, And Heritage",Prayer - Advanced,007400
"Spiritual Growth, Outreach, And Heritage",Preach It,006165
"Spiritual Growth, Outreach, And Heritage",Preach It - Advanced,007400
"Spiritual Growth, Outreach, And Heritage",Prophets & Prophecy,006183
"Spiritual Growth, Outreach, And Heritage",Prophets & Prophecy - Advanced,007400
"Spiritual Growth, Outreach, And Heritage",Puppetry,006185
"Spiritual Growth, Outreach, And Heritage",Puppetry - Advanced,007400
"Spiritual Growth, Outreach, And Heritage",Refugee Assistance,007065
"Spiritual Growth, Outreach, And Heritage",Rural Development,007085
"Spiritual Growth, Outreach, And Heritage",Sabbath Appreciation,006253
"Spiritual Growth, Outreach, And Heritage",Sanctuary,006265
"Spiritual Growth, Outreach, And Heritage",Sanctuary - Advanced,007400
"Spiritual Growth, Outreach, And Heritage",Serving Communities,007035
"Spiritual Growth, Outreach, And Heritage",Sign Language,006325
"Spiritual Growth, Outreach, And Heritage",Sign Language - Advanced,007400
"Spiritual Growth, Outreach, And Heritage",Small Group Bible Study,006366
"Spiritual Growth, Outreach, And Heritage",Small Group Bible Study - Advanced,007400
"Spiritual Growth, Outreach, And Heritage",Stewardship,006415
"Spiritual Growth, Outreach, And Heritage",Three Angels' Messages,006471
"Spiritual Growth, Outreach, And Heritage",Tutoring,007095
"Spiritual Growth, Outreach, And Heritage",Women in Adventist History,006565
"Arts, Crafts, And Hobbies",Aboriginal Lore,004995
"Arts, Crafts, And Hobbies",African Lore,004998
"Arts, Crafts, And Hobbies",Airplane Modeling,005020
"Arts, Crafts, And Hobbies",Basketry,005090
"Arts, Crafts, And Hobbies",Block Printing,005150
"Arts, Crafts, And Hobbies",Braiding,005170
"Arts, Crafts, And Hobbies",Braiding - Advanced,007400
"Arts, Crafts, And Hobbies",Bread Dough,005180
"Arts, Crafts, And Hobbies",Bridges,005185
"Arts, Crafts, And Hobbies",Cake Decorating,005200
"Arts, Crafts, And Hobbies",Candle Making,005220
"Arts, Crafts, And Hobbies",Card Making,005245
"Arts, Crafts, And Hobbies",Ceramics,005280
"Arts, Crafts, And Hobbies",Copper Enameling,005370
"Arts, Crafts, And Hobbies",Copper Enameling - Advanced,007400
"Arts, Crafts, And Hobbies",Counted Cross Stitch,005376
"Arts, Crafts, And Hobbies",Crocheting,005380
"Arts, Crafts, And Hobbies",Crocheting - Advanced,007400
"Arts, Crafts, And Hobbies",Currency,005340
"Arts, Crafts, And Hobbies",Currency - Advanced,007400
"Arts, Crafts, And Hobbies",Dams and Levees,005405
"Arts, Crafts, And Hobbies",Digital Photography,005417
"Arts, Crafts, And Hobbies",Drawing,005445
"Arts, Crafts, And Hobbies",Drawing - Advanced,007400
"Arts, Crafts, And Hobbies",Duct Tape,005476
"Arts, Crafts, And Hobbies",Découpage,005410
"Arts, Crafts, And Hobbies",Felt Craft,005530
"Arts, Crafts, And Hobbies",Flower Arrangement,005580
"Arts, Crafts, And Hobbies",Genealogy,005643
"Arts, Crafts, And Hobbies",Genealogy - Advanced,007400
"Arts, Crafts, And Hobbies",Gift Wrapping,005653
"Arts, Crafts, And Hobbies",Glass Craft,005660
"Arts, Crafts, And Hobbies",Glass Etching,005665
"Arts, Crafts, And Hobbies",Glass Painting,005670
"Arts, Crafts, And Hobbies",Guitar,005659
"Arts, Crafts, And Hobbies",Guitar - Advanced,007400
"Arts, Crafts, And Hobbies",Hot Air Balloons,005735
"Arts, Crafts, And Hobbies",Kanzashi,005183
"Arts, Crafts, And Hobbies",Knitting,005820
"Arts, Crafts, And Hobbies",Knitting - Advanced,007400
"Arts, Crafts, And Hobbies",Lapidary,005850
"Arts, Crafts, And Hobbies",Leather Craft,005870
"Arts, Crafts, And Hobbies",Leather Craft - Advanced,007400
"Arts, Crafts, And Hobbies",LEGO® Design,005872
"Arts, Crafts, And Hobbies",Lettering & Poster Making,005880
"Arts, Crafts, And Hobbies",Lighthouses,005895
"Arts, Crafts, And Hobbies",Lighthouses - Advanced,007400
"Arts, Crafts, And Hobbies",Macramé,005920
"Arts, Crafts, And Hobbies",Māori Lore,005938
"Arts, Crafts, And Hobbies",Metal Craft,005960
"Arts, Crafts, And Hobbies",Model Boats,005970
"Arts, Crafts, And Hobbies",Model Cars,005967
"Arts, Crafts, And Hobbies",Model Railroad,005969
"Arts, Crafts, And Hobbies",Model Rocketry,005980
"Arts, Crafts, And Hobbies",Model Rocketry - Advanced,007400
"Arts, Crafts, And Hobbies",Mosaic Tile,005985
"Arts, Crafts, And Hobbies",Music,006000
"Arts, Crafts, And Hobbies",Music - Advanced,007400
"Arts, Crafts, And Hobbies",Native American Lore,005760
"Arts, Crafts, And Hobbies",Native American Lore - Advanced,007400
"Arts, Crafts, And Hobbies",Native Brush Construction,006005
"Arts, Crafts, And Hobbies",Neckwear,006015
"Arts, Crafts, And Hobbies",Needle Craft,006020
"Arts, Crafts, And Hobbies",Origami,006053
"Arts, Crafts, And Hobbies",Painting,005450
"Arts, Crafts, And Hobbies",Painting - Advanced,007400
"Arts, Crafts, And Hobbies",Paper Maché,006065
"Arts, Crafts, And Hobbies",Paper Quilling,006067
"Arts, Crafts, And Hobbies",Paper Quilling - Advanced,007400
"Arts, Crafts, And Hobbies",Photography,006080
"Arts, Crafts, And Hobbies",Pin Trading,006102
"Arts, Crafts, And Hobbies",Pin Trading - Advanced,007400
"Arts, Crafts, And Hobbies",Pinewood Derby,006103
"Arts, Crafts, And Hobbies",Pinewood Derby - Advanced,007400
"Arts, Crafts, And Hobbies",Plaster Craft,006110
"Arts, Crafts, And Hobbies",Plastic Canvas,006118
"Arts, Crafts, And Hobbies",Plastic Canvas - Advanced,007400
"Arts, Crafts, And Hobbies",Plastics,006120
"Arts, Crafts, And Hobbies",Poetry and Songwriting,006122
"Arts, Crafts, And Hobbies",Postcards,006125
"Arts, Crafts, And Hobbies",Postcards - Advanced,007400
"Arts, Crafts, And Hobbies",Pottery,006130
"Arts, Crafts, And Hobbies",Scrapbooking,006275
"Arts, Crafts, And Hobbies",Scrapbooking - Advanced,007400
"Arts, Crafts, And Hobbies",Sculpturing,006290
"Arts, Crafts, And Hobbies",Silk Screen Printing,006330
"Arts, Crafts, And Hobbies",Silk Screen Printing - Advanced,007400
"Arts, Crafts, And Hobbies",Soap Craft,006370
"Arts, Crafts, And Hobbies",Soap Craft - Advanced,007400
"Arts, Crafts, And Hobbies",Spinning Yarn,006384
"Arts, Crafts, And Hobbies",Stamps,006400
"Arts, Crafts, And Hobbies",Stamps - Advanced,007400
"Arts, Crafts, And Hobbies",Street Art,006417
"Arts, Crafts, And Hobbies",String Art,006420
"Arts, Crafts, And Hobbies",Textile Painting,006470
"Arts, Crafts, And Hobbies",Thatching,
"Arts, Crafts, And Hobbies",Tie-Dye,006472
"Arts, Crafts, And Hobbies",Tie-Dye - Advanced,007400
"Arts, Crafts, And Hobbies",Tole Painting,006476
"Arts, Crafts, And Hobbies",Toy Boat Regatta,006477
"Arts, Crafts, And Hobbies",Toy Boat Regatta - Advanced,007400
"Arts, Crafts, And Hobbies",Upholstery,006505
"Arts, Crafts, And Hobbies",Weaving,006530
"Arts, Crafts, And Hobbies",Whistles,006538
"Arts, Crafts, And Hobbies",Whistles - Advanced,007400
"Arts, Crafts, And Hobbies",Wood Carving,006570
"Arts, Crafts, And Hobbies",Wood Handicraft,006580
Reacreation,Abseiling,005997
Reacreation,Abseiling - Advanced,007400
Reacreation,Abseiling - Instructor,002100
Reacreation,Adapted Sports,005008
Reacreation,Archery,005050
Reacreation,Archery - Advanced,007400
Reacreation,Backpacking,005065
Reacreation,Backpacking - Advanced,007400
Reacreation,Basic Water Safety,005085
Reacreation,Basketball,005086
Reacreation,Camp Craft,005210
Reacreation,Camp Safety,006069
Reacreation,Camp Safety - Advanced,007400
Reacreation,Camping Skills I,005211
Reacreation,Camping Skills II,005212
Reacreation,Camping Skills III,005213
Reacreation,Camping Skills IV,005214
Reacreation,Canoe Building,005235
Reacreation,Canoeing,005230
Reacreation,Canoeing - Advanced,007400
Reacreation,Caving,005270
Reacreation,Caving - Advanced,007400
Reacreation,Cold Weather Survival,005345
Reacreation,Community Water Safety,005900
Reacreation,Community Water Safety - Advanced,007400
Reacreation,Cycling,005390
Reacreation,Cycling - Advanced,007400
Reacreation,Disc Golf,005418
Reacreation,Drilling & Marching,005470
Reacreation,Drilling & Marching - Advanced,007400
Reacreation,Drumming & Percussion,005473
Reacreation,Drumming & Percussion - Advanced,007400
Reacreation,Dutch Oven Cooking,005475
Reacreation,Fire Building & Camp Cookery,005550
Reacreation,Flag Football,005833
Reacreation,Geocaching,005645
Reacreation,Geocaching - Advanced,007400
Reacreation,Geological Geocaching,005646
Reacreation,Geological Geocaching - Advanced,007400
Reacreation,Gold Prospecting,005677
Reacreation,Gold Prospecting - Advanced,007400
Reacreation,Golf,005678
Reacreation,Hiking,005700
Reacreation,Hiking - Advanced,007400
Reacreation,Horsemanship,005730
Reacreation,Horsemanship - Advanced,007400
Reacreation,Juggling,005796
Reacreation,Kayaking,
Reacreation,Kites,005815
Reacreation,Knot Tying,005830
Reacreation,Lashing,005855
Reacreation,Lashing - Advanced,007400
Reacreation,Letterboxing,005878
Reacreation,Letterboxing - Advanced,007400
Reacreation,Lifesaving,
Reacreation,Lifesaving - Advanced,007400
Reacreation,Mountain Biking,005995
Reacreation,National Parks and Heritage Sites,006007
Reacreation,National Parks and Heritage Sites - Advanced,007400
Reacreation,Navigation,006010
Reacreation,Orienteering,006050
Reacreation,Outdoor Leadership,006055
Reacreation,Outdoor Leadership - Advanced,007400
Reacreation,Physical Fitness,006090
Reacreation,Pickleball,006097
Reacreation,Pioneering,006105
Reacreation,Power Boating,006160
Reacreation,Rock Climbing,006230
Reacreation,Rock Climbing - Advanced,007400
Reacreation,Rowing,006250
Reacreation,Sailing,006260
Reacreation,Scuba Diving,006280
Reacreation,Scuba Diving - Advanced,007400
Reacreation,Skateboarding,
Reacreation,Skiing - Cross Country,005385
Reacreation,Skiing Downhill,006340
Reacreation,Skin Diving,006350
Reacreation,Slow-Pitch Softball,006378
Reacreation,Snowshoeing,006368
Reacreation,Snowshoeing - Advanced,007400
Reacreation,Soccer,006377
Reacreation,Springboard Diving,006390
Reacreation,Swimming,006430
Reacreation,Swimming - Advanced,007400
Reacreation,Swimming - Beginner,005110
Reacreation,Swimming - Beginner - Advanced,007400
Reacreation,Swimming - Intermediate,005780
Reacreation,Tennis,006464
Reacreation,Tents,006466
Reacreation,Track & Field,006475
Reacreation,Travel,006478
Reacreation,Travel - Advanced,007400
Reacreation,Tree Climbing,
Reacreation,Triathlon,006487
Reacreation,Triathlon - Advanced,007400
Reacreation,Tumbling & Balancing,006490
Reacreation,Tumbling & Balancing - Advanced,007400
Reacreation,Ultimate Disc,006502
Reacreation,Ultimate Disc - Advanced,007400
Reacreation,Unicycling,006503
Reacreation,Volleyball,006507
Reacreation,Wakeboarding,006508
Reacreation,Water Safety Instructor,006512
Reacreation,Water Safety Instructor - Advanced,007400
Reacreation,Water Skiing,006510
Reacreation,Water Skiing - Advanced,007400
Reacreation,Wilderness Leadership,006540
Reacreation,Wilderness Leadership - Advanced,007400
Reacreation,Wilderness Living,006550
Reacreation,Wind Surfing,006555
Reacreation,Winter Camping,006560
Household Arts,Baking,005070
Household Arts,Basic Sewing,005081
Household Arts,Cooking,005360
Household Arts,Cooking - Advanced,007400
Household Arts,Cultural Food Preparation,005387
Household Arts,Dressmaking,005460
Household Arts,Dressmaking - Advanced,007400
Household Arts,Food - Canning,006171
Household Arts,Food - Drying,005605
Household Arts,Food - Freezing,005606
Household Arts,Household Budgeting,005735
Household Arts,Housekeeping,005740
Household Arts,Laundering,005860
Household Arts,Mat Making,005957
Household Arts,Nutrition,006025
Household Arts,Nutrition - Advanced,007400
Household Arts,Pizza Maker,006109
Household Arts,Quilting,006190
Household Arts,Tailoring,006440
Household Arts,Tapa Cloth,006445
Vocational,Accounting,007600
Vocational,Arboriculture,005047
Vocational,Artificial Intelligence,005055
Vocational,Audio Technician,005057
Vocational,Automobile Mechanics,005060
Vocational,Automobile Mechanics - Advanced,007400
Vocational,Aviators,005063
Vocational,Barbering and Hairstyling,007605
Vocational,Bible Evangelism,005120
Vocational,Blacksmithing,005145
Vocational,Bookbinding,007610
Vocational,Bookkeeping,005160
Vocational,Business,005189
Vocational,Carpentry,005240
Vocational,Christian Sales Principles,005320
Vocational,Communications,005350
Vocational,Communications - Advanced,007400
Vocational,Computers,005355
Vocational,Computers - Advanced,007400
Vocational,Computers and Mobile Devices,005355
Vocational,Computers and Mobile Devices - Advanced,007400
Vocational,Dams & Hydroelectricity,
Vocational,Drones,005435
Vocational,Electricity,005500
Vocational,Engineering,005507
Vocational,Fire Safety,005551
Vocational,Forestry,005608
Vocational,Forestry - Advanced,007400
Vocational,"House Painting, Exterior",007615
Vocational,"House Painting, Interior",007620
Vocational,Internet,005783
Vocational,Internet - Advanced,007400
Vocational,Journalism,005790
Vocational,Land Surveying,005838
Vocational,Masonry,007625
Vocational,Mobile Technology,005968
Vocational,Paperhanging,007630
Vocational,Pewter Casting,006187
Vocational,Plumbing,007635
Vocational,Printing,006180
Vocational,Radio,006200
Vocational,Radio - Advanced,007400
Vocational,Radio Electronics,006210
Vocational,Robotics,006223
Vocational,Robotics - Advanced,007400
Vocational,Shoe Repair,007640
Vocational,"Signs, Signals and Symbols",006327
Vocational,Shorthand,007645
Vocational,Small Engines,006360
Vocational,Soap Making,006369
Vocational,Soap Making - Advanced,007400
Vocational,Social Media,006371
Vocational,Teaching,006450
Vocational,Tile Laying,006472
Vocational,Typewriting,006500
Vocational,Video,007365
Vocational,Video (GC),
Vocational,Video - Advanced,007400
Vocational,Visual Media Critique,006600
Vocational,Welding,006535
Vocational,Welding (GC),
Vocational,Woodworking,006590
Vocational,Word Processing,006592
Outdoor Industries,Agriculture,005010
Outdoor Industries,Beekeeping,005100
Outdoor Industries,Cattle Husbandry,005260
Outdoor Industries,Dairying,005400
Outdoor Industries,Flower Culture,005590
Outdoor Industries,Fruit Growing,005620
Outdoor Industries,Gardening,005640
Outdoor Industries,Goat Husbandry,005675
Outdoor Industries,Horse Husbandry,005720
Outdoor Industries,Hydroponics and Aquaponics,005753
Outdoor Industries,Hydroponics and Aquaponics - Advanced,007400
Outdoor Industries,Island Fishing,
Outdoor Industries,Pigeon Raising,006100
Outdoor Industries,Poultry Raising,006150
Outdoor Industries,Sheep Husbandry,006300
Outdoor Industries,Small Fruit Growing,006365
Outdoor Industries,Subsistence Farming,006425
Master Awards,Aquatic Master Award,004000
Master Awards,Artisan Master Award,004010
Master Awards,Conservation Master Award,004020
Master Awards,"Family, Origins, and Heritage Master Award",004025
Master Awards,Farming Master Award,004030
Master Awards,Health Master Award,004035
Master Awards,Homemaking Master Award,004040
Master Awards,Modern Technology Master Award,004045
Master Awards,Naturalist Master Award,004050
Master Awards,Recreation Master Award,004055
Master Awards,Spiritual Growth and Ministries Master Award,004057
Master Awards,Sportsman Master Award,004060
Master Awards,Technician Master Award,004070
Master Awards,Wilderness Master Award,004080
Master Awards,Zoology Master Award,004095
